{"cameraMode":{"drawMode":0,"name":"Shaded","section":"Shading Mode"},"sceneLighting":false,"audioPlay":false,"sceneViewState":{"showFog":true,"showMaterialUpdate":false,"showSkybox":false,"showFlares":true,"showImageEffects":true,"showParticleSystems":true,"showVisualEffectGraphs":true,"m_FxEnabled":true},"in2DMode":false,"pivot":{"x":-0.6245177984237671,"y":-0.4675368070602417,"z":-10.014311790466309},"rotation":{"x":-0.6086162328720093,"y":-0.0019038597820326686,"z":0.0014644645852968097,"w":-0.7934727072715759},"size":1.4794437885284424,"orthographic":false}