{"cameraMode":{"drawMode":0,"name":"Shaded","section":"Shading Mode"},"sceneLighting":false,"audioPlay":false,"sceneViewState":{"showFog":true,"showMaterialUpdate":false,"showSkybox":false,"showFlares":true,"showImageEffects":true,"showParticleSystems":true,"showVisualEffectGraphs":true,"m_FxEnabled":true},"in2DMode":false,"pivot":{"x":0.11126495897769928,"y":-6.3295488357543949,"z":4.41228723526001},"rotation":{"x":0.5316891074180603,"y":-0.030475450679659845,"z":0.019149092957377435,"w":0.8461759686470032},"size":7.233062744140625,"orthographic":false}